Which of these is essential for desert restoration,Trains,Cars,Camels,C,A
Which of these is essential for desert restoration,Trains,Cars,Camels,C,A
Which of these is essential for desert restoration,Trains,Cars,Camels,C,A
Which of these is essential for desert restoration,Trains,Cars,Camels,C,A
Which of these is essential for desert restoration,Trains,Cars,Camels,C,A
Which of these is essential for desert restoration,Trains,Cars,Camels,C,A
Which of these is essential for desert restoration,Trains,Cars,Camels,C,A
Which of these is essential for desert restoration,Trains,Cars,Camels,C,A
Which of these is essential for desert restoration,Trains,Cars,Camels,C,A
Which of these is essential for desert restoration,Trains,Cars,Camels,C,A
Which of these is essential for desert restoration,Trains,Cars,Camels,C,A